<?xml version="1.0" encoding="UTF-8" ?>
<!DOCTYPE configuration
  PUBLIC "-//mybatis.org//DTD Config 3.0//EN"
  "https://mybatis.org/dtd/mybatis-3-config.dtd">
<configuration>
  <settings>
    <setting name="mapUnderscoreToCamelCase" value="true"/>
  </settings>
  <typeAliases>
  <typeAlias alias="board" type="com.yedam.vo.BoardVO"/>
  <typeAlias alias="search" type="com.yedam.common.SearchDTO"/>
  </typeAliases>
  <environments default="development">
    <environment id="development">
      <transactionManager type="JDBC"/>
      <dataSource type="POOLED">
        <property name="driver" value="oracle.jdbc.driver.OracleDriver"/>
        <property name="url" value="jdbc:oracle:thin:@localhost:1521:xe"/>
        <property name="username" value="scott"/>
        <property name="password" value="tiger"/>
      </dataSource>
    </environment>
  </environments>
  <mappers>
    <mapper resource="com/yedam/mapper/BoardMapper.xml"/>
  </mappers>
</configuration>