<?xml version="1.0" encoding="UTF-8" ?>
<!DOCTYPE mapper
  PUBLIC "-//mybatis.org//DTD Mapper 3.0//EN"
  "https://mybatis.org/dtd/mybatis-3-mapper.dtd">
<mapper namespace="com.yedam.mapper.BoardMapper">
  <select id="selectBoard" parameterType="search" resultType="board">
    SELECT sepB.*
	FROM   (SELECT rownum rn, allB.*
	        FROM   (SELECT   *
	                FROM     tbl_board
	                <choose>
	                   <when test="searchCondition == 'T'.toString()">
		                WHERE title like '%'||#{keyword}||'%'
	                   </when>
	                   <when test="searchCondition == 'W'.toString()">
		                WHERE writer like '%'||#{keyword}||'%'
	                   </when>
	                   <when test="searchCondition == 'TW'.toString()">
		                WHERE writer like '%'||#{keyword}||'%'
		                   OR title like '%'||#{keyword}||'%'
	                   </when>
	                   <when test="searchCondition == null">
	                   </when>
	                </choose>
	                ORDER BY board_no DESC) allB) sepB
	<![CDATA[
	]]>
  </select>
  <!-- 
	WHERE sepB.rn >= (#{page} - 1) * 5 + 1
	  AND sepB.rn <= (#{page} * 5)
   -->
  
  <!-- 등록 -->
  <insert id="insertBoard" parameterType="board">
    INSERT INTO tbl_board(board_no, title, content, writer)
    VALUES (board_seq.nextval, #{title}, #{content}, #{writer})
  </insert>
  
  <!-- 수정 -->
  <update id="updateBoard" parameterType="board">
    UPDATE tbl_board
    SET    title = NVL(#{title}, title),
    <if test="content != null">
           content = #{content}
    </if>
    WHERE  board_no = #{boardNo}
  </update>
  
  <!-- 삭제 -->
  <delete id="deleteBoard" parameterType="int">
    DELETE tbl_board
    WHERE  board_no = #{boardNo}
  </delete>
  
  <!-- 단건조회 -->
  <select id="selectOne" parameterType="int" resultType="board">
    SELECT board_no,
           title,
           writer,
           content,
           write_date
    FROM   tbl_board
    WHERE  board_no = #{boardNo}
  </select>
  
  <!-- 전체 게시글 수 -->
  <select id="selectTotal" parameterType="search" resultType="int">
    SELECT COUNT(1)
    FROM   tbl_board
    <choose>
       <when test="searchCondition == 'T'.toString()">
        WHERE title like '%'||#{keyword}||'%'
       </when>
       <when test="searchCondition == 'W'.toString()">
        WHERE writer like '%'||#{keyword}||'%'
       </when>
       <when test="searchCondition == 'TW'.toString()">
        WHERE writer like '%'||#{keyword}||'%'
           OR title like '%'||#{keyword}||'%'
       </when>
       <when test="searchCondition == null">
       </when>
    </choose>
  </select>
</mapper>