<?xml version="1.0" encoding="UTF-8" ?>
<!DOCTYPE mapper
  PUBLIC "-//mybatis.org//DTD Mapper 3.0//EN"
  "https://mybatis.org/dtd/mybatis-3-mapper.dtd">
<mapper namespace="com.yedam.mapper.EventMapper">
	<select id="selectEvent" resultType="map">
		SELECT title as "title",
		start_date as "start",
		end_date as "end"
		FROM tbl_event
	</select>
	<!-- 등록 -->
	<insert id="insertEvent" parameterType="event">
		insert into tbl_event (title, start_date, end_date)
		values(#{title}, #{start}, #{end})
	</insert>


	<!-- 삭제 -->
	<delete id="deleteEvent" parameterType="event">
		delete from tbl_event
		where title = #{title}
		AND start_date = #{start}
		AND end_date = #{end}
	</delete>
	<select id="selectWriter" resultType="map">
		select   user_name as "userName", b.writer as "writer", count(1) as "cnt"
		from     tbl_board b
		join     tbl_member m
		  on     b.writer = m.user_id
		group by user_name, b.writer
	</select>
	<insert id="insertLogging" parameterType="map">
		INSERT INTO tbl_logging(log_id, req_path, req_host)
        VALUES (logging_seq.nextval, #{page}, #{host})
	</insert>
</mapper>