<?xml version="1.0" encoding="UTF-8" ?>
<!DOCTYPE mapper
  PUBLIC "-//mybatis.org//DTD Mapper 3.0//EN"
  "https://mybatis.org/dtd/mybatis-3-mapper.dtd">
<mapper namespace="com.yedam.mapper.MemberMapper">
	<select id="selectMember" resultType="member">
		SELECT user_id,
		password,
		user_name,
		responsibility,
		image
		FROM tbl_member
		WHERE user_id = #{id}
		AND password = #{pw}
	</select>
	<!-- 아이디로 회원 조회 -->
	<select id="selectMemberId" resultType="member"
		parameterType="string">
		select *
		from tbl_member
		where user_id = #{id}
	</select>
	<insert id="insertMember" parameterType="member">
		INSERT INTO tbl_member (user_id, password, user_name, image)
		VALUES (#{userID}, #{password}, #{userName}, #{image})
	</insert>
	<update id="updatePasswd" parameterType="member">
		update tbl_member
		set password = #{password}
		where user_id = #{userID}
	</update>
</mapper>