<?xml version="1.0" encoding="UTF-8" ?>
<!DOCTYPE tiles-definitions PUBLIC
       "-//Apache Software Foundation//DTD Tiles Configuration 3.0//EN"
       "http://tiles.apache.org/dtds/tiles-config_3_0.dtd">
<tiles-definitions>

  <!-- 일반사용자용 템플릿. -->
  <definition name="myapp.common" template="/WEB-INF/common/template.jsp">
    <put-attribute name="title" value="Tiles tutorial homepage" />
    <put-attribute name="header" value="/WEB-INF/common/header.jsp" />
    <put-attribute name="menu" value="/WEB-INF/common/menu.jsp" />
    <put-attribute name="body" value="/WEB-INF/common/body.jsp" />
    <put-attribute name="footer" value="/WEB-INF/common/footer.jsp" />
  </definition>

  <!-- 게시판용도. -->
  <definition name="WILDCARD:board/*" extends="myapp.common">
    <put-attribute name="body" value="/WEB-INF/views/board/{1}.jsp" />
  </definition>
  
  <definition name="WILDCARD:common/*" extends="myapp.common">
    <put-attribute name="body" value="/WEB-INF/views/common/{1}.jsp" />
  </definition>

  <!-- 상품용도. -->
  <definition name="WILDCARD:product/*" extends="myapp.common">
    <put-attribute name="body" value="/WEB-INF/views/product/{1}.jsp" />
  </definition>

  <!-- 관리자용 템플릿. -->
  <definition name="myapp.admin" template="/WEB-INF/admin/template.jsp">
    <put-attribute name="title" value="Tiles tutorial homepage" />
    <put-attribute name="body" value="/WEB-INF/admin/body.jsp" />
  </definition>

  <!-- 회원관련. -->
  <definition name="WILDCARD:manager/*" extends="myapp.admin">
    <put-attribute name="body" value="/WEB-INF/views/member/{1}.jsp" />
  </definition>
  
  <definition name="WILDCARD:etc/*" extends="myapp.common">
    <put-attribute name="body" value="/WEB-INF/views/etc/{1}.jsp" />
  </definition>

  <!-- 기타. -->
  <definition name="WILDCARD:*/*" extends="myapp.common">
    <put-attribute name="body" value="/WEB-INF/views/{1}/{2}.jsp" />
  </definition>

</tiles-definitions>
